{{
  "document": {{
    "block_prefix": "\n",
    "block_suffix": "\n",
    "color": "{foreground}",
    "margin": 2
  }},
  "block_quote": {{
    "indent": 1,
    "indent_token": "│ "
  }},
  "paragraph": {{}},
  "list": {{
    "level_indent": 2
  }},
  "heading": {{
    "block_suffix": "\n",
    "color": "{color11}",
    "bold": true
  }},
  "h1": {{
    "prefix": " ",
    "suffix": " ",
    "color": "{color10}",
    "background_color": "{background}",
    "bold": true
  }},
  "h2": {{
    "prefix": "## ",
    "color": "{color5}"
  }},
  "h3": {{
    "prefix": "### "
  }},
  "h4": {{
    "prefix": "#### "
  }},
  "h5": {{
    "prefix": "##### "
  }},
  "h6": {{
    "prefix": "###### ",
    "color": "{color7}",
    "bold": false
  }},
  "text": {{}},
  "strikethrough": {{
    "crossed_out": true
  }},
  "emph": {{
    "italic": true
  }},
  "strong": {{
    "bold": true
  }},
  "hr": {{
    "color": "{color5}",
    "format": "\n--------\n"
  }},
  "item": {{
    "block_prefix": "• "
  }},
  "enumeration": {{
    "block_prefix": ". "
  }},
  "task": {{
    "ticked": "[✓] ",
    "unticked": "[ ] "
  }},
  "link": {{
    "color": "{color5}",
    "underline": true
  }},
  "link_text": {{
    "color": "{color6}",
    "bold": true
  }},
  "image": {{
    "color": "{color7}",
    "underline": true
  }},
  "image_text": {{
    "color": "{color8}",
    "format": "Image: {{{{.text}}}} →"
  }},
  "code": {{
    "prefix": " ",
    "suffix": " ",
    "color": "{color5}",
    "background_color": "{background}"
  }},
  "code_block": {{
    "color": "{foreground}",
    "margin": 2,
    "chroma": {{
      "text": {{
        "color": "{foreground}"
      }},
      "error": {{
        "color": "{color1}",
        "background_color": "{background}"
      }},
      "comment": {{
        "color": "{color8}"
      }},
      "comment_preproc": {{
        "color": "{color3}"
      }},
      "keyword": {{
        "color": "{color4}"
      }},
      "keyword_reserved": {{
        "color": "{color5}"
      }},
      "keyword_namespace": {{
        "color": "{color6}"
      }},
      "keyword_type": {{
        "color": "{color10}"
      }},
      "operator": {{
        "color": "{color9}"
      }},
      "punctuation": {{
        "color": "{color11}"
      }},
      "name": {{
        "color": "{foreground}"
      }},
      "name_builtin": {{
        "color": "{color12}"
      }},
      "name_tag": {{
        "color": "{color13}"
      }},
      "name_attribute": {{
        "color": "{color14}"
      }},
      "name_class": {{
        "color": "{color15}",
        "underline": true,
        "bold": true
      }},
      "name_constant": {{}},
      "name_decorator": {{
        "color": "{color3}"
      }},
      "name_exception": {{}},
      "name_function": {{
        "color": "{color2}"
      }},
      "name_other": {{}},
      "literal": {{}},
      "literal_number": {{
        "color": "{color4}"
      }},
      "literal_date": {{}},
      "literal_string": {{
        "color": "{foreground}"
      }},
      "literal_string_escape": {{
        "color": "{color6}"
      }},
      "generic_deleted": {{
        "color": "{color10}"
      }},
      "generic_emph": {{
        "italic": true
      }},
      "generic_inserted": {{
        "color": "{color9}"
      }},
      "generic_strong": {{
        "bold": true
      }},
      "generic_subheading": {{
        "color": "{color3}"
      }},
      "background": {{
        "background_color": "{background}"
      }}
    }}
  }},
  "table": {{
    "center_separator": "┼",
    "column_separator": "│",
    "row_separator": "─"
  }},
  "definition_list": {{}},
  "definition_term": {{}},
  "definition_description": {{
    "block_prefix": "\n🠶 "
  }},
  "html_block": {{}},
  "html_span": {{}}
}}
